0,1,2,3,mean,prot,sample,sd
20180718-1252-0001,HPCA,0.3603583173558099,0.3146259018009796,,,,
20180718-1252-0001,YFP,0.515512551401332,0.3730637403344127,,,,
