0,1,2,3,mean,prot,sample,sd
20180718-1252-0001,HPCA,0.13353845788771745,0.2670769157754349,,,,
20180718-1252-0001,YFP,0.14890320075212268,0.29780640150424537,,,,
