0,1,2,3,mean,prot,sample,sd
20180718-1252-0001,HPCA,0.3791955441192738,0.3074677434091207,,,,
20180718-1252-0001,YFP,0.5342639141120135,0.3712324653770958,,,,
