0,1,2,3,mean,prot,sample,sd
20180718-1315-0007,HPCA,0.1419540228486522,0.09895690442013386,,,,
20180718-1315-0007,YFP,0.6174839984126103,0.12380657972349618,,,,
