0,1,2,3,mean,prot,sample,sd
20180718-1315-0007,HPCA,0.1842073678626577,0.16214148389702931,,,,
20180718-1315-0007,YFP,0.5877046631411228,0.11941204815622197,,,,
