0,1,2,3,mean,prot,sample,sd
20180718-1300-0004,HPCA,0.3051371997179331,0.2651534047315671,,,,
20180718-1300-0004,YFP,0.4148235404260823,0.30454038630664715,,,,
