0,1,2,3,mean,prot,sample,sd
20180718-1300-0004,HPCA,0.22227433730524054,0.2696591353038069,,,,
20180718-1300-0004,YFP,0.327364763943702,0.3015233992734234,,,,
