0,1,2,3,mean,prot,sample,sd
20180718-1315-0007,HPCA,0.21590949807326112,0.21958759705329764,,,,
20180718-1315-0007,YFP,0.4404991613137034,0.31385811579249095,,,,
