0,1,2,3,mean,prot,sample,sd
20180718-1315-0007,HPCA,0.15315569138468785,0.13412057710932926,,,,
20180718-1315-0007,YFP,0.545080815689817,0.11227353012074862,,,,
